medicamento;sub_grupo;un_medida
Aas 100mg Cp.;Sistema Nervoso;cp
Cloreto de Sódio 20% amp 10mL;Aparelho digestivo, metabolismo e nutrição;amp
Bicarb.de Sódio 8,4% amp 10mL;Aparelho digestivo, metabolismo e nutrição;amp
Propofol 1% (10mg/ml) amp - 20mL;Sistema Nervoso;amp
DipirONA Sódica 500mg/mL amp 2 mL;Sistema Nervoso;amp
Heparina sódica 5000UI amp 0,25 mL;Sangue e Órgãos Hematopoiéticos;amp
Etomidato 2mg/mL amp 10mL;Sistema Nervoso;amp
Dextrocetamina 50mg/ml FA 10ml;Sistema Nervoso;FA
Dimenidrinato 50mg e vitamina B6 (cloridrato de piridoxina) 10mg cp. revestido;Aparelho digestivo, metabolismo e nutrição;cp
Dimenidrinato + vit B6 25mg+5mg/mL gts 30mL;Aparelho digestivo, metabolismo e nutrição;ml
Adenosina 3mg/mL amp 2mL;Sistema Cardiovascular - Terapia Cardíaca;amp
BENZILpenicilina BENZATINA 1.200.000  Ui  F/a;Antimicrobianos;FA
Ac Epsilon-aminocaproico 4g FA;Sangue e Órgãos Hematopoiéticos;FA
Benzilpenicilina potássica 5.000.000UI inj. ;Antimicrobianos;Fr
Ceftriaxona 1g FA;Antimicrobianos;FA
Ácido Ascórbico (Vit.C) 100mg/mL amp 5mL;Aparelho digestivo, metabolismo e nutrição;amp
Fitomenadiona (Vit K) IV 10mg amp 1mL;Aparelho digestivo, metabolismo e nutrição;amp
Clortalidona 50mg cp;Aparelho Cardiovascular;cp
Mesalazina 500mg supositório;Sistema Músculo-Esquelético;sup
Clomipramina 25mg drg.;Sistema Nervoso;drg
Dexametasona e sulfato de neomicina colírio frasco c/ 5mL ;Dermatológicos, otológicos e oftalmológicos;Fr
Atropina 1% col. 5mL;Dermatológicos, otológicos e oftalmológicos;ml
Haloperidol 5mg cp. ;Sistema Nervoso;cp
Lexotan 3mg cp.;Sistema Nervoso;cp
Betametasona, DIPROPIONATO 0,5mg/g creme 30g;Dermatológicos, otológicos e oftalmológicos;g
Bicarbonato de sódio pó 100g;Aparelho digestivo, metabolismo e nutrição;g
Nortriptilina 25mg caps;Sistema Nervoso;caps
Flunitrazepam 1mg cp.;Sistema Nervoso;cp
Triancinolona+neomicina+gramicidina+nistatina creme 30g;Antimicrobianos;g
Dinitrato Isossorbida SL 5mg cp;Sistema Cardiovascular - Terapia Cardíaca;cp SL
Flunarizina 10mg cp.;Aparelho Cardiovascular;cp
Benzoato Benzila 25% Emulsão 80mL;Dermatológicos, otológicos e oftalmológicos;ml
Sorbitol + Laurilsulfato de sódio bisnaga - 6,5g;Aparelho digestivo, metabolismo e nutrição;bis
Nafazolina, benzalconio e cloreto de sódio sol. nasal adulto frasco c/ 30mL;Aparelho respiratório;Fr
Sulfato de salbutamol 2mg cp.;Aparelho respiratório;cp
Amoxicilina/Clav.Potássio (1g+200mg) FA;Antimicrobianos;FA
Teicoplanina 400mg FA;Antimicrobianos;FA
Itraconazol 100mg cáp.;Antimicrobianos;caps
Clobetasol, propionato 0,5mg/g creme 30g;Dermatológicos, otológicos e oftalmológicos;g
Axetilcefuroxima 250mg/5ml susp.oral - 70mL;Antimicrobianos;ml
Glimepirida 1mg cp;Aparelho digestivo, metabolismo e nutrição;cp
Hidrocortisona/neomicina/troxerrutina/benzocaína/ac. ascorbico pom 10g;Antimicrobianos;g
Piperacilina/Tazobactam 4,5g  FA;Antimicrobianos;FA
Sinvastatina 20mg cp;Aparelho digestivo, metabolismo e nutrição;cp
Hexomedine colutório frasco c/ 50mL;Dermatológicos, otológicos e oftalmológicos;Fr
Hexamidina e tetracaína colutório frasco c/ 50mL;Dermatológicos, otológicos e oftalmológicos;jato
Miconazol 20mg/g gel oral 40g;Antimicrobianos;g
Tansulosina 0,4 mg caps;Outros Medicamentos;cap
Albendazol 400mg Comp;Antimicrobianos;cp
Fenoterol 100mcg/dose aerossol 10ml (200 doses);Aparelho respiratório;Aplic
Azitromicina 900 mg pó p/ suspensão oral 22,5mL;Antimicrobianos;ml
Enoxaparina 40mg seringa  ;Sangue e Órgãos Hematopoiéticos;ser
Tetraciclina 500 mg caps;Antimicrobianos;caps
Ciclofosfamida 50mg cpr;Antimicrobianos;cp
Celecoxibe 100mg cáp.;Sistema Músculo-Esquelético;caps
Betanecol cloreto 25mg cpr;Outros Medicamentos;cp
Ganciclovir 500mg inj. FA;Antimicrobianos;FA
Omeprazol 20mg cp;Aparelho digestivo, metabolismo e nutrição;cp
Tylenol 750mg cp.;Sistema Nervoso;cp
Clonidina 0,150mg cp.;Aparelho Cardiovascular;cp
Claritromicina 250mg/5mL Suspensão 60mL;Antimicrobianos;ml
Ranitidina 15mg/ml Sol. Oral Frasco C/ 120ml;Aparelho digestivo, metabolismo e nutrição;ml
Bicalutamida 50 mg cp re;Outros Medicamentos;cp re
Amoxicilina/Clav.potássio 250+62,5mg/5ml susp.oral 75ml;Antimicrobianos;ml
Fentanila Ad.Transdérmico (4,2mg) 25mcg/h ;Sistema Nervoso;patch
Ursacol 150 mg cp.;Outros Medicamentos;cp
Ác.Ursodesoxicólico 150 mg cp;Outros Medicamentos;cp
Lomustina 40 mg caps.;Antimicrobianos;caps
Difenidramina 50mg amp 1mL;Imunoterapia e alergia;amp
Cavilon spray;Outros Medicamentos;Fr
Ipratrópio 20mcg/dose spray 10ml (200 doses);Aparelho respiratório;Aplic
Saliva artificial spray 40mL (MANIPULADO);Outros Medicamentos;Aplic
Valaciclovir 500 Mg comp;Antimicrobianos;cp
Ertapenem sódico 1g IV/IM FA;Antimicrobianos;FA
Zurcal 40 mg cp.;Aparelho digestivo, metabolismo e nutrição;cp
Ziprol 40 mg cp.;Aparelho digestivo, metabolismo e nutrição;cp
Optiray 320 50mL;Outros Medicamentos;FA
Candesartano cilexetil 8mg cp.;Sistema Cardiovascular - Sistema Renina-Angiotensina;cp
Citalopram 20 mg cp;Sistema Nervoso;cp
Bisoprolol 5 mg cp;Aparelho Cardiovascular;cp
Folinato de Cálcio 50mg amp 5mL;Aparelho digestivo, metabolismo e nutrição;FA
Valsartana 80mg Comp;Sistema Cardiovascular - Sistema Renina-Angiotensina;cp
Clotrimazol 1% creme 20g;Dermatológicos, otológicos e oftalmológicos;g
Moxifloxacino 400mg cp ;Antimicrobianos;cp
Metotrexato 50mg/2ml  F/A ;Antimicrobianos;mg
Imunoglobulina humana 5g FA 100mL;Imunoterapia e alergia;FA
Tioridazina cloridrato 50mg drg;Sistema Nervoso;drg
Eritropoetina 4.000UI/mL FA;Sangue e Órgãos Hematopoiéticos;FA
Sildenafila citrato 25 mg cpr;Outros Medicamentos;cp
Duloxetina 60mg caps lib.retard.;Sistema Nervoso;cap
Hidroxicloroquina 400mg cp;Sistema Músculo-Esquelético;cp re
Cabergolina 0,5mg cpr;Hormônios e metabolismo;cp
Nutriflex Lipid Plus bolsa 1875mL;Aparelho digestivo, metabolismo e nutrição;Bs
Bolsa Parenteral;Aparelho digestivo, metabolismo e nutrição;Bs
Fluconazol 100mg Cáps;Antimicrobianos;caps
Nimesulida 100 mg cp;Sistema Músculo-Esquelético;cp
Ácido valpróico 250 mg drg.;Sistema Nervoso;drg
Metformina 850 mg cp;Aparelho digestivo, metabolismo e nutrição;cp
Ac. Graxos Essenciais oleo hidratante 100mL ;Dermatológicos, otológicos e oftalmológicos;ml
Clorexidina 0,12% Sol. Bucal 250 mL;Aparelho digestivo, metabolismo e nutrição;ml
Escina+Dietilamônio gel 100g (Reparil);Outros Medicamentos;g
Nistatina+Ox.de Zinco 60g;Dermatológicos, otológicos e oftalmológicos;g
Tetraciclina + Anfotericina B creme 45g;Aparelho genitourinário ;g
Uréia 10%  Loção Hid. 120mL;Dermatológicos, otológicos e oftalmológicos;ml
Brimonidina, tartarato 0,1% sol. oft. 5mL;Dermatológicos, otológicos e oftalmológicos;ml
Escina+Dietilamônio gel 30g (Reparil);Outros Medicamentos;g
Oxido Zinco+Vit A+Vit D 90g;Dermatológicos, otológicos e oftalmológicos;g
Insulina Lispro 100UI/mL 10mL;Aparelho digestivo, metabolismo e nutrição;ml
Fitoscar pom. 20g;Dermatológicos, otológicos e oftalmológicos;g
Timolol, maleato 0,5% col. 5mL;Dermatológicos, otológicos e oftalmológicos;ml
Atropina 0,5% col. 5mL;Dermatológicos, otológicos e oftalmológicos;ml
Stomahesive pasta 56,7g;Outros Medicamentos;g
Fenobarbital 100mg cp;Sistema Nervoso;cp
Mupirocina 2% pom. 15g;Dermatológicos, otológicos e oftalmológicos;g
Riluzol 50mg cp;Outros Medicamentos;cp
Brimonidina 0,2% + Timolol 0,5% col. 10mL;Dermatológicos, otológicos e oftalmológicos;ml
Ipratrópio/Fenoterol (0,02/0,05) mg aerossol;Aparelho respiratório;Aplic
Lidocaína 2% seringa 10g;Sistema Nervoso;ser
Amoxicilina/Clav.Potássio 400+57mg/5ml susp.oral - 140mL;Antimicrobianos;ml
Linezolida 600mg (2mg/mL) IV 300 mL;Antimicrobianos;Bs
Pidolato de magnésio 1,5g flaconete 10mL;Aparelho digestivo, metabolismo e nutrição;un
Ivabradina 7,5 mg cp re;Sistema Cardiovascular - Terapia Cardíaca;cp re
Papaína 6% creme 50g;Dermatológicos, otológicos e oftalmológicos;g
Teofilina 200mg cap;Aparelho respiratório;caps
Citrato de Calcio 600mg+Colecalciferol 400UI sachê;Aparelho digestivo, metabolismo e nutrição;Sac
Ciprofloxacino 400mg (2mg/mL) IV 200 mL;Antimicrobianos;Bs
Terbinafina 1%  Spray 30mL;Dermatológicos, otológicos e oftalmológicos;ml
Clindamicina 150mg/mL amp 4mL;Antimicrobianos;amp
Ciprofloxacino 0,2%+Hidrocortisona 1% susp.otológica 5mL;Dermatológicos, otológicos e oftalmológicos;ml
Fentanila Ad.Transdérmico (8,4mg) 50mcg/h ;Sistema Nervoso;patch
Trimebutina, maleato 200 mg caps;Aparelho digestivo, metabolismo e nutrição;caps
Ciprofibrato 100mg cp;Aparelho digestivo, metabolismo e nutrição;cp
Permetrina 5% loção 60 mL;Dermatológicos, otológicos e oftalmológicos;ml
Dexpantenol pomada 30g;Dermatológicos, otológicos e oftalmológicos;g
Diltiazem 60mg cp;Sistema Cardiovascular - Bloqueadores dos Canais de Cálcio;cp
Minoxidil 5% Loção Capilar;Dermatológicos, otológicos e oftalmológicos;ml
Alendronato Sódico 70mg cp;Hormônios e metabolismo;cp
Calcio 500mg+Colecalciferol 400UI cp re;Aparelho digestivo, metabolismo e nutrição;cp re
Octreotida 0,1 mg/mL amp 1mL;Hormônios e metabolismo;amp
Ivabradina 5 mg cp re;Sistema Cardiovascular - Terapia Cardíaca;cp re
Nifedipino 30mg cp LP;Aparelho Cardiovascular;cp LP
Olmesartana 20mg cp;Aparelho Cardiovascular;cp
Meropenem 2g  FA;Antimicrobianos;FA
Mebeverina, cloridrato 200 mg cap;Aparelho digestivo, metabolismo e nutrição;cap
Betaistina,dicloridrato 8mg cp;Outros Medicamentos;cp
Sulfato de Zinco 150mg (Manipulado);Aparelho digestivo, metabolismo e nutrição;cap
Nicotinamida (Vit. B3) 70mg (Manipulado);Aparelho digestivo, metabolismo e nutrição;cap
Rosuvastatina 5mg cp re;Aparelho digestivo, metabolismo e nutrição;cp re
Pamidronato dissódico 90mg FA;Outros Medicamentos;FA
Amorolfina,cloridrato 5% esmalte 2,5mL;Outros Medicamentos;Aplic
Soro Fisiológico 0,9% 1000mL;Aparelho digestivo, metabolismo e nutrição;Fr
Aminofilina 200mg cp;Aparelho respiratório;cp
Fluocinolona/Polimixina B/Neomicina/Lidocaína sol. otológica;Dermatológicos, otológicos e oftalmológicos;ml
Oxicodona 20mg LC cp re;Sistema Nervoso;cp LP
Colchicina 0,5mg cp;Sistema Músculo-Esquelético;cp
Piracetam 800mg cp re;Outros Medicamentos;cp re
Ticagrelor 90 mg cp re;Aparelho Cardiovascular;cp re
Lacosamida 50 mg cp re;Sistema Nervoso;cp re
Midazolam 7,5mg cp;Sistema Nervoso;cp
Dipirona Sódica 50mg/mL sol. oral 100mL;Sistema Nervoso;ml
Betametasona (5mg/2mg) ;Sistema Músculo-Esquelético;ser
Dutasterida/Tansulosina (0,5/0,4)mg cap LP;Outros Medicamentos;cap d
Bacopa monnieri 225mg cp re;Outros Medicamentos;cp re
Colestiramina anidra envelope - 4 g ;Aparelho digestivo, metabolismo e nutrição;env
Amoxicilina/Clav.Potássio 400+57mg/5ml susp.oral - 70mL;Antimicrobianos;ml
Zolpidem, hemitartarato 5 mg cp SL;Sistema Nervoso;cp SL
Dorzolamida 2% / Timolol 0,5% sol. oft. - 5 mL;Dermatológicos, otológicos e oftalmológicos;ml
Cicalfate Creme reparador 40 mL;Dermatológicos, otológicos e oftalmológicos;ml
Aciclovir creme dermatológico 10g;Dermatológicos, otológicos e oftalmológicos;g
Gentamicina3mg+Betametasona1mg/mL sol.10mL;Dermatológicos, otológicos e oftalmológicos;ml
Acetato de Calcio 500mg caps;Outros Medicamentos;cap
Ciprofloxacino3,5mg+Dexametasona1mg/g pom.oft.3,5g;Dermatológicos, otológicos e oftalmológicos;g
Cutisanol Pó tubo - 150 g;Dermatológicos, otológicos e oftalmológicos;g
Rotigotina 9mg (4mg/24hs) patch;Sistema Nervoso;patch
Viminol, hidroxibenzoato 70mg cap;Sistema Nervoso;cap
Ciclosporina 0,05% emulsão oft. flac.0,4mL;Dermatológicos, otológicos e oftalmológicos;un
Fondaparinux sódico 2,5mg/0,5mL seringa;Sangue e Órgãos Hematopoiéticos;ser
Betaxolol, cloridrato 5,6mg/mL sol. oft. 5mL;Dermatológicos, otológicos e oftalmológicos;ml
Clostebol/neomicina (5mg/g) creme 30g;Dermatológicos, otológicos e oftalmológicos;g
Benfotiamina 150mg cp;Aparelho digestivo, metabolismo e nutrição;drg
Estazolam 2mg cp ;Sistema Nervoso;cp
Cloreto de Sódio 0,9% spray nasal 50mL;Outros Medicamentos;Aplic
Fludrocortisona,acetato 0,1mg caps (Manipulado);Outros Medicamentos;cap
Carmelose sódica 5mg/mL sol. oft. 15mL;Dermatológicos, otológicos e oftalmológicos;ml
Peróxido de Benzoila 5% (50mg/g) - 45g;Dermatológicos, otológicos e oftalmológicos;g
Blephagel gel - 40g;Dermatológicos, otológicos e oftalmológicos;g
Cassia fistula + Senna alexandrina 11,7mg + 14,63mg;Aparelho digestivo, metabolismo e nutrição;cap
Montelucaste Sódico 10mg cp re;Aparelho respiratório;cp re
Vit.B1(100mg)+Vit.B6(100mg)+Vit.B12(5000mcg) dg;Aparelho digestivo, metabolismo e nutrição;drg
Fenobarbital 40mg/mL gotas frasco 20 mL;Sistema Nervoso;Fr
Neomicina (5mg/g)Bacitracina(250 UI/g) pomada;Dermatológicos, otológicos e oftalmológicos;g
Ampicilina 500mg cp;Antimicrobianos;cp
Cetoconazol shampoo (20mg/g) 110mL;Dermatológicos, otológicos e oftalmológicos;ml
Flunarizina 10mg cp;Aparelho Cardiovascular;cp
Tenoxicam 20 mg cp re;Sistema Músculo-Esquelético;cp re
Rivastigmina 18mg (9,5mg/24h) patch 10;Outros Medicamentos;patch
Ác.Ursodesoxicólico 300 mg cp;Outros Medicamentos;cp
Hidróxido de Magnésio 1200mg - 350mL;Aparelho digestivo, metabolismo e nutrição;ml
Mometasona, furoato 400 mg cap. p/ inalação;Aparelho respiratório;cap
Alteplase 20mg FA reconstituinte 20mL;Aparelho Cardiovascular;FA
Magnésio, Dimalato 400 mg;Aparelho digestivo, metabolismo e nutrição;Sac
Polivitamínico;Aparelho digestivo, metabolismo e nutrição;cap
Betametasona, VALERATO 1mg/g creme 30g;Dermatológicos, otológicos e oftalmológicos;g
Papaína 8% gel 100g (Manipulado);Dermatológicos, otológicos e oftalmológicos;g
Lorazepam 1mg cp;Sistema Nervoso;cp
Glicinato férrico 275,8 mg/10 ml;Aparelho digestivo, metabolismo e nutrição;ml
Gemifloxacino 320mg cp re;Antimicrobianos;cp re
Nistatina 25.000 UI creme vaginal - 60g;Antimicrobianos;g
Carbonato de Calcio 500mg cp;Outros Medicamentos;cp
Trometamol, cetorolaco 4mg/mL sol.oft. - 10mL;Dermatológicos, otológicos e oftalmológicos;ml
Formoterol/Budesonida (6/200) mcg ;Aparelho respiratório;cap
Axetilcefuroxima 250mg sachê;Antimicrobianos;Sac
Clindamicina 300mg cp;Antimicrobianos;cp
Ácido Nicotínico 500mg cpr LP;Sangue e Órgãos Hematopoiéticos;cp re
Linezolida 600mg cp;Antimicrobianos;cp re
Cloreto de Sódio 20% gel - 30g (Manipulado);Outros Medicamentos;g
Fosfato sódio monobásico 160mg/mL + Fosfato sódio dibásico 60mg/mL;Aparelho digestivo, metabolismo e nutrição;Fr
Nitazoxanida 500 mg cp ;Outros Medicamentos;cp
Loção Nivea Soft Milk Hidratação Intensiva 200 mL;Dermatológicos, otológicos e oftalmológicos;ml
Sabonete Líq. Glicerina Granado Tradicional 300 mL ;Dermatológicos, otológicos e oftalmológicos;ml
Betametasona, dipropionato/ Gentamicina, sulfato 0,5mg/g/1mg/g creme30g;Dermatológicos, otológicos e oftalmológicos;g
Glicinato férrico 250mg/ml 30 ml;Aparelho digestivo, metabolismo e nutrição;ml
Anidulafungina 100mg FA;Antimicrobianos;FA
Propantelina, brometo 1% gel 30g (MANIPULADO);Outros Medicamentos;g
Levodopa,Benserazida 200/50mg Lib. Modificada;Sistema Nervoso;cp
Glicosamina 1,5g + Condroitina 1,2g sachê;Sistema Músculo-Esquelético;Sac
Tiamina 100 mg, piridoxina 100 mg, cianocobalamina 5000 mcg amp;Aparelho digestivo, metabolismo e nutrição;amp
Acetazolamida 250mg cp;Aparelho Cardiovascular;cp
Dexametasona1mg/mL susp.oftálmica 5mL;Dermatológicos, otológicos e oftalmológicos;ml
Enoxaparina 80mg seringa ;Sangue e Órgãos Hematopoiéticos;ser
Isoconazol 10mg/g +Diflucortolona 1mg/g - tubo 30 g;Dermatológicos, otológicos e oftalmológicos;g
Valaciclovir 500mg cp;Antimicrobianos;cp
Polivitamínico/Poliminerais cp (Centrum);Aparelho digestivo, metabolismo e nutrição;cp
Rifamicina sódica 10mg/ml  Spray 20mL;Antimicrobianos;ml
Cetoconazol+Betametasona(20+0,5)mg/g creme 30g;Dermatológicos, otológicos e oftalmológicos;g
Metformina 750mg XR cp;Aparelho digestivo, metabolismo e nutrição;cp
Ciprofloxacino 3,5mg/g pom.oftálmica 3,5g;Dermatológicos, otológicos e oftalmológicos;mg
Moxifloxacino 5,45mg+Dexametasona 1,1mg/mL sol. oft. 5mL;Dermatológicos, otológicos e oftalmológicos;ml
Dicloridrato de Buclizina 25mg;Imunoterapia e alergia;cp
Diltiazem 30mg cp;Sistema Cardiovascular - Bloqueadores dos Canais de Cálcio;cp
Fluticasona 50 mcg aerossol;Aparelho respiratório;Aplic
Bimatoprosta 0,3mg/mL sol.oft. - 5 mL;Dermatológicos, otológicos e oftalmológicos;ml
Ceftarolina fosamila 600 mg FA;Antimicrobianos;FA
Levonorgestrel 0,15mg/Etinilestradiol 0,03mg;Hormônios e metabolismo;drg
Colecalciferol (Vit D3) 10.000 U.I./mL gts 10mL;Aparelho digestivo, metabolismo e nutrição;ml
Fexofenadina 60 mg cp;Imunoterapia e alergia;cp
Medroxiprogesterona, acetato 150mg/mL seringa 1mL;Hormônios e metabolismo;ser
Mirtazapina 45 mg cp re;Sistema Nervoso;cp re
Venlafaxina 37,5mg cap LP;Sistema Nervoso;cap
Ciclopirox Olamina 10mg/g creme 20g;Dermatológicos, otológicos e oftalmológicos;g
Ciclopirox 80 mg/g esmalte 6g;Antimicrobianos;Fr
Ofloxacino 0,3% sol. oft. 5 mL;Dermatológicos, otológicos e oftalmológicos;ml
Cloranfenicol/Metionina/Retinol/Aminoácidos pom.oft. 3,5g;Dermatológicos, otológicos e oftalmológicos;mg
Salmeterol/Fluticasona (25/250) mcg aerossol;Aparelho respiratório;Aplic
Ambroxol, cloridrato 30 mg/5 ml sol oral 120mL;Aparelho respiratório;ml
Budesonida 64 mcg spray nasal 120 doses;Aparelho respiratório;Aplic
Ciclopirox 80 mg/g esmalte 6g;Antimicrobianos;Fr
Fosfato de Potássio 2 mEq/mL amp 10mL;Aparelho digestivo, metabolismo e nutrição;amp
Colagenase 0,6UI pom. 30g;Dermatológicos, otológicos e oftalmológicos;g
Abiraterona, acetato 250 mg;Outros Medicamentos;cp
Ciprofloxacino 2 mg + hidrocortisona 10 mg/ ml sol. otológica;Dermatológicos, otológicos e oftalmológicos;ml
Prednisolona 3 mg/mL sol.oral - 100mL;Hormônios e metabolismo;ml
Doctar Shampoo Anticaspa 140 mL;Dermatológicos, otológicos e oftalmológicos;ml
Nandrolona, decanoato 50mg/mL amp 1mL;Outros Medicamentos;amp
Prednisolona, acetato 10mg/mL susp.oftálmica 5mL;Dermatológicos, otológicos e oftalmológicos;ml
Carmelose sódica + hialuronato de sódio + associações sol. oft. - 15mL;Dermatológicos, otológicos e oftalmológicos;ml
Verapamil 2 % pomada 60 g;Outros Medicamentos;g
Brinzolamida 10 mg/ml, Timolol 6,8 mg/ml sol. oft. - 5 mL;Dermatológicos, otológicos e oftalmológicos;ml
Tafluprosta 15 mcg/ml sol oft flaconete 0,3mL;Dermatológicos, otológicos e oftalmológicos;Fr
Fluconazol 200 mg/ 100 ml;Antimicrobianos;Bs
Axetilcefuroxima 250mg/5ml susp.oral - 50mL;Antimicrobianos;ml
Sulfadiazina Prata 1% / Nitrato de Cério 0,4% - 50g;Dermatológicos, otológicos e oftalmológicos;g
Lidocaína 5% 700mg emplastro;Sistema Nervoso;patch
Ácido Tióctico 600mg cp rev;Outros Medicamentos;cp
Pancreatina 25.000 caps;Outros Medicamentos;cap
Diclofenaco Dietilamônio gel 60g ;Sistema Músculo-Esquelético;g
Clotrimazol 10 mg/mL spray;Antimicrobianos;Aplic
Levanlodipino, besilato 2,5mg cp;Aparelho Cardiovascular;cp
Simeticona 125mg caps;Aparelho digestivo, metabolismo e nutrição;cap d
INSULINA DETEMIR 100UI/ML SOL.INJ.3ML (FLEXPEN);Aparelho digestivo, metabolismo e nutrição;ml
INSULINA ASPARTE 100UI/ML SOL.INJ.3ML (FLEXPEN);Aparelho digestivo, metabolismo e nutrição;ml
Cefalotina 1g IV FA;Antimicrobianos;FA
Levodopa,Benserazida 100/25 mg;Sistema Nervoso;cp
Aripiprazol 10mg comp;Sistema Nervoso;cp
Metilfenidato, cloridrato 10mg cp;Outros Medicamentos;cp
Enoxaparina 80mg seringa ;Sangue e Órgãos Hematopoiéticos;ser
Salbutamol, sulfato 2,5mg/2,5mL Sol.Neb.;Aparelho respiratório;amp
Sitagliptina 50mg cp;Aparelho digestivo, metabolismo e nutrição;cp
Picossulfatosodico 7,5mg/mL gts 20mL;Aparelho digestivo, metabolismo e nutrição;ml
Polivitamínico Cerne-12;Aparelho digestivo, metabolismo e nutrição;FA
Ad-Element ampola 2ml;Aparelho digestivo, metabolismo e nutrição;amp
Rotigotina  (4mg/24hs) patch;Sistema Nervoso;patch
Papaína 8% gel 50g (Manipulado);Dermatológicos, otológicos e oftalmológicos;g
Agomelatina 25mg cp re;Sistema Nervoso;cp re
Clortalidona 25mg cp;Aparelho Cardiovascular;cp
Midodrina, cloridrato 5mg cp;Aparelho Cardiovascular;cp
Manitol Solução 20% - 250mL;Aparelho digestivo, metabolismo e nutrição;Bs
Askina Barrier Film spray;Outros Medicamentos;Fr
Cetoprofeno 100mg FA IV;Sistema Músculo-Esquelético;FA
Colágeno 600mg sabor baunilha 20g  sache;Aparelho digestivo, metabolismo e nutrição;Sac
Escitalopram 20mg/ml gotas 15ml;Sistema Nervoso;ml
Vildagliptina/Metformina 50/850mg cp re;Aparelho digestivo, metabolismo e nutrição;cp re
Dimenidrinato 2,5mg/mL sol. oral 120mL;Outros Medicamentos;ml
Sulbutiamina 200mg ;Outros Medicamentos;drg
Omalizumabe 150mg FA;Outros Medicamentos;FA
Quetiapina LP 50mg cp;Sistema Nervoso;cp
Levomepromazina 40mg/mL gts 20 mL;Sistema Nervoso;ml
Propolis sem alcool gts 30mL;Outros Medicamentos;ml
Oleo de alho 500mg caps (Manipulado);Outros Medicamentos;cap
Cramberry 500mg caps (Manipulado);Outros Medicamentos;cap
Metronidazol 10mg/mL sol topica 100mL (Manipulado);Antimicrobianos;ml
Nitrazepam 5mg cp;Sistema Nervoso;cp
Eritromicina 250mg/5mL xarope 150mL (manipulado);Antimicrobianos;ml
Aripiprazol 10mg cp;Sistema Nervoso;cp
Dexametasona 1mg+Neomicina 5mg+Polimixina B 6000 UI/mL sol. oft. 5mL;Dermatológicos, otológicos e oftalmológicos;ml
Dexametasona 1mg+Neomicina 5mg+Polimixina B 6000 UI/mg pom.oft. 3,5g;Dermatológicos, otológicos e oftalmológicos;mg
Gatifloxacino 0,3% col. 5mL;Dermatológicos, otológicos e oftalmológicos;ml
Atropina 1% col. 5mL;Dermatológicos, otológicos e oftalmológicos;ml
N Derm Creme gel 100 g;Dermatológicos, otológicos e oftalmológicos;Fr
Morfina 0,1mg/mL amp 1mL;Sistema Nervoso;amp
Fitomenadiona (Vit K) IM/SC 10mg amp 1mL;Aparelho digestivo, metabolismo e nutrição;amp
Galantamina, bromidrato 8mg cap. LP;Outros Medicamentos;cap
Olodaterol 2,5 mcg sol. p/ inalação;Aparelho respiratório;Aplic
Brimonidina 0,2% + Brinzolamida 1% col. 8mL;Dermatológicos, otológicos e oftalmológicos;ml
Fluoxetina 20mg/mL gts 20mL;Sistema Nervoso;ml
Colagenase + cloranfenicol pom. 30g;Dermatológicos, otológicos e oftalmológicos;g
Rosuvastatina 10mg cp;Aparelho digestivo, metabolismo e nutrição;cp
Alteplase 50mg FA reconstituinte 50mL;Aparelho Cardiovascular;FA
Lidocaína 1% s/vaso amp 5mL ;Sistema Nervoso;FA
Dabigatrana, etexilato 110mg cap;Aparelho Cardiovascular;cap
Tobramicina 300mg sol inalatoria 5mL;Antimicrobianos;FA
Metformina 500mg XR cp;Aparelho digestivo, metabolismo e nutrição;cp
Diosmina/Hesperidina 900mg+100mg sache 5g;Sangue e Órgãos Hematopoiéticos;Sac
Kabiven ;Aparelho digestivo, metabolismo e nutrição;Bs
Lipidio;Aparelho digestivo, metabolismo e nutrição;Fr
Cinacalcete, cloridrato 30mg cp re;Outros Medicamentos;cp re
Sacubitril / Valsartana 24mg/26mg;Aparelho Cardiovascular;cp
Agua Dest Estéril 1000mL;Outros Medicamentos;Fr
Bimatoprosta 0,03% + timolol 0,5% sol.oft. 5 ml;Dermatológicos, otológicos e oftalmológicos;ml
Papaína 10% gel 100g (Manipulado);Dermatológicos, otológicos e oftalmológicos;g
Ácido Zoledrônico 4mg FA;Outros Medicamentos;FA
Ganciclovir 250mg (1mg/mL) IV 250mL;Antimicrobianos;Bs
Ganciclovir 500mg (1mg/mL) IV 500mL;Antimicrobianos;Bs
Acido Poliacrilico 0,2% gel oft 10g;Dermatológicos, otológicos e oftalmológicos;g
Ácido Fusídico 2% creme 15g;Dermatológicos, otológicos e oftalmológicos;g
Mucopolissacarideo polissulfato 5mg/g gel 40g;Dermatológicos, otológicos e oftalmológicos;g
Aciclovir 250mg IV FA;Antimicrobianos;FA
Filgrastina 300 mcg/mL FA;Imunoterapia e alergia;FA
Trazodona LP 150mg cp;Sistema Nervoso;cp
Olanzapina 5mg dispersivel cp;Sistema Nervoso;cp
Amiodarona 200mg/ml solução oral 30ml;Sistema Cardiovascular - Terapia Cardíaca;ml
Lacosamida 10mg/mL sol oral 200mL;Sistema Nervoso;ml
Alanilglutamina 200mg/mL (20%) - 100mL;Aparelho digestivo, metabolismo e nutrição;Fr
Oligoelementos amp 2mL;Aparelho digestivo, metabolismo e nutrição;amp
Lacosamida 10mg/mL FA 20mL;Sistema Nervoso;FA
Carbomer + sorbitol 2mg + 48,5mg/g gel oft 10g;Dermatológicos, otológicos e oftalmológicos;g
Sulpirida 50mg cp.;Sistema Nervoso;cp
Mometasona, furoato 50 mcg spray nasal;Aparelho respiratório;Aplic
Cranberry Lift (sem açúcar);Outros Medicamentos;Sac
Difenidramina 5mg + Assoc pastilha;Aparelho digestivo, metabolismo e nutrição;pasti
Benzidamida 1,5mg/mL spray 30mL;Aparelho digestivo, metabolismo e nutrição;Aplic
Bezafibrato 200mg cp re;Aparelho digestivo, metabolismo e nutrição;cp re
Pirimetamina  25 mg cp ;Antimicrobianos;cp
Ácido Folínico 5mg/mL - susp.100mL (Manipulado);Aparelho digestivo, metabolismo e nutrição;Fr
Suplemento Hidroeletrolitico (90) 500mL;Aparelho digestivo, metabolismo e nutrição;ml
Colestiramina anidra envelope 4 g (manipulada);Aparelho digestivo, metabolismo e nutrição;env
Magnésio + Vit. B3 cáps;Aparelho digestivo, metabolismo e nutrição;cap m
Tansulosina 0,4 mg comprimido;Outros Medicamentos;cp
Tioconazol + tinidazol (100 + 150)mg/5g creme 35g;Dermatológicos, otológicos e oftalmológicos;g
Glicerofosfato de sodio 216mg/ml F/A 20ml;Aparelho digestivo, metabolismo e nutrição;FA
Empagliflozina 25mg cp;Aparelho digestivo, metabolismo e nutrição;cp
Rivastigmina 18mg (9,5mg/24h) patch 10;Outros Medicamentos;patch
Prucaloprida 1mg cp re;Aparelho digestivo, metabolismo e nutrição;cp re
Brimonidina, tartarato 0,2% sol. oft. 5mL;Dermatológicos, otológicos e oftalmológicos;ml
Pilocarpina 2% sol. oft. 10mL;Dermatológicos, otológicos e oftalmológicos;ml
Renalvit Plus cpr;Aparelho digestivo, metabolismo e nutrição;cp
Brimonidina, tartarato 0,15% sol. oft. 5mL;Dermatológicos, otológicos e oftalmológicos;ml
Melatonina 1,5mg caps MANIPULADO;Outros Medicamentos;cap
Tiamina (Vit B1) 100mg/mL amp 1mL (MANIPULADO);Aparelho digestivo, metabolismo e nutrição;amp
Levodropropizina 30mg/5mL xarope 120mL;Aparelho respiratório;ml
Glicosamina+Condroitina 500+400mg caps;Sistema Músculo-Esquelético;cap
Oxido de zinco pomada 30g;Dermatológicos, otológicos e oftalmológicos;g
Atropina 0,5% col. 5mL;Dermatológicos, otológicos e oftalmológicos;ml
Atropina 0,5% colírio 5mL (MANIPULADO);Aparelho Cardiovascular;ml
Otilônio, brometo 40mg cp re;Aparelho digestivo, metabolismo e nutrição;cp re
Talidomida 100mg csps;Quimioterápicos;cap
Naltrexona 4,5mg cp (MANIPULADO);Outros Medicamentos;cap
Cetoconazol 2%+Ureia 20%+Ac salicilico 5% creme 15g (MANIPULADO);Dermatológicos, otológicos e oftalmológicos;g
Cetaphil creme hidratante - 453g;Dermatológicos, otológicos e oftalmológicos;g
Soapelle Sabonete Líquido 140 mL;Dermatológicos, otológicos e oftalmológicos;ml
Uréia 10% Loção Hid. 200mL MANIPULADO;Dermatológicos, otológicos e oftalmológicos;ml
Clorexidina 0,2% gel dental 32g;Outros Medicamentos;g
Ceftazidima + Avibactam 2,5g FA;Antimicrobianos;FA
Cetrilan creme 40g;Dermatológicos, otológicos e oftalmológicos;g
Bimatoprosta 0,01mg/mL sol.oft. - 5 mL;Dermatológicos, otológicos e oftalmológicos;ml
Domperidona 10mg cpr;Aparelho digestivo, metabolismo e nutrição;cp
DEXAmetasona, acetato 1mg/g creme 10g;Dermatológicos, otológicos e oftalmológicos;g
Tolterodina tartarato LP 4mg caps;Outros Medicamentos;cap
Itraconazol 100mg/mL susp.oral - 20mL MANIPULADO;Antimicrobianos;Fr
Perindopril arginina 10mg cp;Sistema Cardiovascular - Sistema Renina-Angiotensina;cp
Lisado Bacteriano De Escherichia Coli 6mg Cáp;Aparelho genitourinário ;cap
Uréia 10%  Loção Hid. 300mL;Dermatológicos, otológicos e oftalmológicos;ml
Calcipotriol+Betametasona (50mcg+0,5mg)/g gel 60g;Dermatológicos, otológicos e oftalmológicos;g
Olmesartana medoxomila 20mg;Aparelho Cardiovascular;cp
Calcio 600mg+Colecalciferol 200UI cp re;Aparelho digestivo, metabolismo e nutrição;cp re
Lorazepam 2mg cp;Sistema Nervoso;cp
Ac. Graxos Essenciais loção hidratante 200mL ;Dermatológicos, otológicos e oftalmológicos;ml
Desloratadina 5mg cp re;Imunoterapia e alergia;cp re
Senna alexandrina + cassia fistula 28,9 + 19,5mg;Aparelho digestivo, metabolismo e nutrição;cap
Micafungina sódica 100 mcg;Antimicrobianos;Fr
Ornitina, Aspartato 0,5g/mL amp.;Outros Medicamentos;amp
Espironolactona 100mg cp;Sistema Cardiovascular - Diuréticos;cp
Alopurinol 300mg cp;Sistema Músculo-Esquelético;cp
Dexpantenol hidratante labial 7,5mL;Dermatológicos, otológicos e oftalmológicos;g
Colágeno, Vit. C e D sache - 11g;Aparelho digestivo, metabolismo e nutrição;Sac
Insulina degludeca 100UI/mL FlexTouch 3mL;Aparelho digestivo, metabolismo e nutrição;ml
Cavilon sol de limpeza sem enxague 250mL;Outros Medicamentos;Fr
Sucralfato 2g flaconete 10mL;Aparelho digestivo, metabolismo e nutrição;ml
Ciproterona acetato 100mg cpr;Hormônios e metabolismo;cp
Paliperidona palmitato 75mg seringa preenchida 0,75mL;Sistema Nervoso;ser
Propatilnitrato 10mg cp;Sistema Cardiovascular - Terapia Cardíaca;cp
Lercanidipino 10 mg cp re;Sistema Cardiovascular - Bloqueadores dos Canais de Cálcio;cp re
Aripiprazol 15mg cp;Sistema Nervoso;cp
Harpagophytum procumbens DC cp re;Sistema Músculo-Esquelético;cp gr
Pancreatina 10.000 caps;Outros Medicamentos;cap
Buprenorfina 5mg ad. transdérmico;Sistema Nervoso;patch
Cobamamida + Ciproeptadina 1 + 4mg cpr;Aparelho digestivo, metabolismo e nutrição;cp
Bortezomibe 1,5mg seringa MANIPULADO;Quimioterápicos;ser
Sabonete Líq. Carvão Ativado 5% 60 mL (MANIPULADO);Dermatológicos, otológicos e oftalmológicos;ml
Oral B enxaguante bucal 250 mL;Aparelho digestivo, metabolismo e nutrição;ml
Prasugrel 10mg cp re;Aparelho Cardiovascular;cp re
Shampoo neutro 400mL;Dermatológicos, otológicos e oftalmológicos;ml
Papaína 10% gel 50g (Manipulado);Dermatológicos, otológicos e oftalmológicos;g
Acetato de megestrol 160mg cp;Quimioterápicos;cp
Levodopa,Benserazida 100/25mg cáp.lib.prolongada;Sistema Nervoso;cap
Ampicilina/Sulbactam (1,0 / 0,5)g FA;Antimicrobianos;FA
Nistatina 100.000 UI creme vaginal - 60g;Antimicrobianos;g
Sulfametoxazol+Trimetoprima 800+160 mg cp;Antimicrobianos;cp
Fosforo quelado 600mg envelope (Manipulado);Aparelho digestivo, metabolismo e nutrição;env
Neomicina/Lidocaína/hialuronidase sol. otológica 8mL;Dermatológicos, otológicos e oftalmológicos;ml
Prednisolona 20mg cp;Sistema Músculo-Esquelético;cp
Cordia verbenacea DC creme 60g ;Sistema Músculo-Esquelético;g
Vaccinium macrocarpon (Cranberry) 1g sache (MANIPULADO);Outros Medicamentos;Sac
L-Carnitina solução 10% MANIPULADO;Aparelho digestivo, metabolismo e nutrição;ml
L-Acetil-carnitina solução 10% MANIPULADO;Aparelho digestivo, metabolismo e nutrição;ml
Biotina 160mg cáps MANIPULADO;Aparelho digestivo, metabolismo e nutrição;cap
Benzoato de Sódio solução 10% MANIPULADO;Aparelho digestivo, metabolismo e nutrição;ml
Piridoxina solução 10% MANIPULADO;Aparelho digestivo, metabolismo e nutrição;ml
L-isoleucina 500mg cáps MANIPULADO;Aparelho digestivo, metabolismo e nutrição;cap
L-valina 500mg cáps MANIPULADO;Aparelho digestivo, metabolismo e nutrição;cap
L-treonina 500mg cáps MANIPULADO;Aparelho digestivo, metabolismo e nutrição;cap
L-metionina 500mg cáps MANIPULADO;Aparelho digestivo, metabolismo e nutrição;cap
Suplemento Hidroeletrolitico (45) 500mL ;Aparelho digestivo, metabolismo e nutrição;ml
Coenzima Q10 400mg cáps MANIPULADO;Aparelho digestivo, metabolismo e nutrição;cap
Metotrexato 25mg/mL seringa preenchida MANIPULADO;Antimicrobianos;ser
Elixir Paregórico gts 30mL;Aparelho digestivo, metabolismo e nutrição;ml
Vacina Influenza Trivalente 5mL;Imunoterapia e alergia;amp
Levodopa,Carbidopa,Entacapona 100/25/200 mg;Sistema Nervoso;cp
Metotrexato 12,5mg/0,5mL seringa preenchida MANIPULADO;Antimicrobianos;ser
Ceftolozano 1g + tazobactam 0,5g FA;Antimicrobianos;FA
Edoxabana 30mg cp re;Aparelho Cardiovascular;cp re
Alogliptina 25mg cp;Aparelho digestivo, metabolismo e nutrição;cp
Metoprolol,succinato 50mg cp re lib.controlada;Sistema Cardiovascular - Inibidores Adrenérgicos;cp re
L-Carnitina 200mg/mL amp 5 mL;Aparelho digestivo, metabolismo e nutrição;amp
Betaistina,dicloridrato 24mg cp;Outros Medicamentos;cp
Acido tioctico 600mg;Sistema Nervoso;cp re
Flurazepam 30mg cp;Sistema Nervoso;cp
Papaína 6% gel 100g (Manipulado);Dermatológicos, otológicos e oftalmológicos;g
